epoch,time,train/box_loss,train/cls_loss,train/dfl_loss,metrics/precision(B),metrics/recall(B),metrics/mAP50(B),metrics/mAP50-95(B),val/box_loss,val/cls_loss,val/dfl_loss,lr/pg0,lr/pg1,lr/pg2
1,7.74709,3.1869,4.34894,3.54524,0,0,0,0,2.62331,4.15828,2.49113,0.00021435,0.00021435,0.00021435
2,10.1364,2.16971,3.66498,2.22126,0,0,0,0,1.86739,3.92508,1.71443,0.000442113,0.000442113,0.000442113
3,12.8561,1.59812,2.32985,1.84174,0.30019,0.28519,0.3038,0.21813,1.60143,3.33274,1.52719,0.00066897,0.00066897,0.00066897
4,15.346,1.21562,1.56942,1.6381,0.66667,0.20295,0.4348,0.31334,1.36544,3.1709,1.42442,0.000894922,0.000894922,0.000894922
5,17.8022,1.08468,1.41394,1.60006,0.66017,0.48684,0.57571,0.48056,1.02123,2.67308,1.36718,0.00111997,0.00111997,0.00111997
6,20.3828,1.02698,1.25003,1.52758,0.53181,0.74144,0.65587,0.57101,0.91256,2.71952,1.61585,0.00134411,0.00134411,0.00134411
7,23.1103,0.90678,1.09779,1.44625,0.75977,0.65391,0.68948,0.57058,0.85089,1.47386,1.31097,0.00141202,0.00141202,0.00141202
8,25.6504,0.85926,1.0329,1.4309,0.69791,0.74182,0.7227,0.60005,0.79046,1.15701,1.20853,0.00140919,0.00140919,0.00140919
9,28.1003,0.83761,0.97514,1.43772,0.70202,0.73206,0.70238,0.59099,0.76523,1.2268,1.13439,0.00140636,0.00140636,0.00140636
10,30.6031,0.81399,0.88218,1.40323,0.67697,0.79202,0.68525,0.5876,0.73653,2.29649,1.19002,0.00140354,0.00140354,0.00140354
11,33.1835,0.77706,0.82823,1.38441,0.80444,0.7904,0.7754,0.62481,0.68506,0.89335,1.17589,0.00140071,0.00140071,0.00140071
12,35.8525,0.77084,0.79068,1.37612,0.83836,0.86585,0.83778,0.65312,0.66234,0.617,1.18921,0.00139788,0.00139788,0.00139788
13,38.3188,0.75046,0.7603,1.3393,0.87563,0.94976,0.9239,0.68584,0.64683,0.74074,1.14889,0.00139505,0.00139505,0.00139505
14,40.9389,0.70976,0.69711,1.32904,0.88486,0.94754,0.92783,0.7119,0.62176,0.6826,1.18087,0.00139222,0.00139222,0.00139222
15,43.6516,0.67107,0.65185,1.31297,0.90602,0.94564,0.9317,0.67928,0.65721,0.51804,1.13228,0.00138939,0.00138939,0.00138939
16,46.2116,0.70978,0.66014,1.30865,0.93898,0.94879,0.96105,0.7096,0.61039,0.43903,1.07638,0.00138656,0.00138656,0.00138656
17,48.6733,0.67498,0.62477,1.3351,0.87073,0.96988,0.91644,0.69458,0.63966,0.51492,1.12143,0.00138373,0.00138373,0.00138373
18,51.1731,0.66972,0.59519,1.26555,0.96256,0.96354,0.97215,0.73999,0.60692,0.43889,1.10219,0.0013809,0.0013809,0.0013809
19,53.6873,0.67087,0.57877,1.25923,0.94556,0.97731,0.97491,0.72677,0.6181,0.42542,1.09008,0.00137807,0.00137807,0.00137807
20,56.1988,0.67613,0.58872,1.28768,0.972,0.97179,0.98319,0.74629,0.61297,0.38064,1.06001,0.00137524,0.00137524,0.00137524
21,58.6063,0.63882,0.55563,1.28714,0.96979,0.98506,0.98331,0.75375,0.59661,0.41659,1.08842,0.00137241,0.00137241,0.00137241
22,61.1429,0.64748,0.5513,1.25555,0.98644,0.9688,0.99042,0.76395,0.58491,0.40945,1.07732,0.00136958,0.00136958,0.00136958
23,63.7739,0.63587,0.54841,1.31463,0.99091,0.99445,0.99334,0.75484,0.59531,0.36818,1.04573,0.00136675,0.00136675,0.00136675
24,66.108,0.63171,0.52171,1.2702,0.99822,0.98446,0.99393,0.77395,0.56354,0.36375,1.04739,0.00136392,0.00136392,0.00136392
25,68.6475,0.64018,0.53904,1.30276,0.9969,0.99252,0.9948,0.76117,0.58792,0.36177,1.04087,0.00136109,0.00136109,0.00136109
26,71.184,0.63589,0.52906,1.26197,0.99385,0.98673,0.99485,0.77006,0.54548,0.3524,1.02857,0.00135826,0.00135826,0.00135826
27,73.6536,0.5965,0.49281,1.27746,0.99697,0.98808,0.98889,0.7733,0.55848,0.34962,1.03099,0.00135544,0.00135544,0.00135544
28,76.0642,0.63142,0.5333,1.28823,0.99293,0.9742,0.98701,0.74737,0.6008,0.35583,1.04454,0.00135261,0.00135261,0.00135261
29,78.5271,0.63106,0.50987,1.27733,0.95473,0.956,0.95699,0.7784,0.55488,0.37638,1.02483,0.00134978,0.00134978,0.00134978
30,81.151,0.60221,0.48647,1.24507,0.99586,0.99438,0.99495,0.77741,0.54152,0.33847,1.03508,0.00134695,0.00134695,0.00134695
31,83.8144,0.59438,0.48532,1.24521,0.99241,0.98958,0.9892,0.75799,0.53722,0.32393,0.99553,0.00134412,0.00134412,0.00134412
32,86.3789,0.62373,0.4854,1.26617,0.99296,0.98167,0.98882,0.78268,0.59058,0.36785,1.03059,0.00134129,0.00134129,0.00134129
33,89.0358,0.63166,0.49684,1.26496,0.9781,0.97366,0.98695,0.7925,0.54222,0.34596,1.02665,0.00133846,0.00133846,0.00133846
34,91.5283,0.61964,0.48165,1.25683,0.99637,0.98075,0.99478,0.76703,0.58146,0.3387,1.01582,0.00133563,0.00133563,0.00133563
35,93.9903,0.59645,0.45833,1.24645,0.98808,0.97622,0.99476,0.76753,0.58954,0.36441,1.02362,0.0013328,0.0013328,0.0013328
36,96.4857,0.59038,0.46468,1.2479,0.99617,0.99063,0.995,0.78071,0.54747,0.33323,1.02521,0.00132997,0.00132997,0.00132997
37,99.2499,0.59956,0.47079,1.22969,0.99707,0.99479,0.99495,0.80307,0.50984,0.3077,1.00455,0.00132714,0.00132714,0.00132714
38,101.82,0.56757,0.43919,1.23111,0.9956,0.99734,0.995,0.80072,0.53587,0.32575,1.02477,0.00132431,0.00132431,0.00132431
39,104.341,0.58523,0.45103,1.20983,0.99752,0.98861,0.99474,0.78923,0.54938,0.33677,1.03542,0.00132148,0.00132148,0.00132148
40,106.763,0.59883,0.44743,1.24539,0.99596,0.99197,0.995,0.78193,0.55521,0.35395,1.02602,0.00131865,0.00131865,0.00131865
41,109.285,0.56503,0.43302,1.24435,0.98049,0.97958,0.9938,0.78151,0.53312,0.36663,1.007,0.00131582,0.00131582,0.00131582
42,111.724,0.56873,0.44,1.23217,0.98224,0.98895,0.99497,0.79186,0.51623,0.33305,0.99076,0.00131299,0.00131299,0.00131299
43,114.194,0.5813,0.44357,1.26845,0.99375,0.99179,0.99476,0.79035,0.53112,0.34312,1.02575,0.00131016,0.00131016,0.00131016
44,116.644,0.56223,0.43507,1.2122,0.98055,0.98246,0.99471,0.80313,0.51932,0.33154,1.03261,0.00130733,0.00130733,0.00130733
45,119.22,0.58396,0.42814,1.25389,0.92643,0.96134,0.99485,0.80202,0.51,0.35333,1.02421,0.00130451,0.00130451,0.00130451
46,121.769,0.57855,0.42747,1.23101,0.95663,1,0.995,0.8088,0.51689,0.33152,0.99968,0.00130168,0.00130168,0.00130168
47,124.286,0.56542,0.41493,1.2288,0.98432,0.99466,0.9949,0.81786,0.49975,0.32485,0.99798,0.00129885,0.00129885,0.00129885
48,126.889,0.5809,0.422,1.18548,0.99251,0.99692,0.995,0.81164,0.52729,0.31339,0.99796,0.00129602,0.00129602,0.00129602
49,129.506,0.56577,0.41991,1.23787,0.9698,1,0.995,0.81697,0.51051,0.31081,1.01586,0.00129319,0.00129319,0.00129319
50,132.001,0.56063,0.41537,1.22017,0.99699,0.99893,0.995,0.77118,0.52435,0.30782,0.99569,0.00129036,0.00129036,0.00129036
51,134.37,0.55526,0.41028,1.18317,0.96792,0.95426,0.98247,0.79255,0.53032,0.34095,1.04099,0.00128753,0.00128753,0.00128753
52,136.824,0.5326,0.39443,1.19765,0.96147,0.94279,0.98026,0.76533,0.56626,0.36586,1.03935,0.0012847,0.0012847,0.0012847
53,139.481,0.54929,0.39716,1.21032,0.9872,0.99875,0.995,0.81639,0.49579,0.30837,1.0116,0.00128187,0.00128187,0.00128187
54,142.1,0.56263,0.40064,1.21671,0.98296,0.99482,0.99495,0.79595,0.51825,0.31581,0.98813,0.00127904,0.00127904,0.00127904
55,144.608,0.56284,0.40522,1.2048,0.99327,0.99629,0.995,0.7985,0.50438,0.30369,1.01835,0.00127621,0.00127621,0.00127621
56,147.251,0.54257,0.39448,1.19308,0.98521,0.99625,0.995,0.82952,0.49881,0.29969,1.0084,0.00127338,0.00127338,0.00127338
57,149.981,0.54138,0.39619,1.19456,0.98022,0.99125,0.99485,0.81198,0.48608,0.29931,0.98885,0.00127055,0.00127055,0.00127055
58,152.533,0.53353,0.40243,1.17219,0.99294,0.99502,0.995,0.80843,0.48393,0.29409,0.99059,0.00126772,0.00126772,0.00126772
59,155.202,0.52483,0.39042,1.19093,0.99284,0.99427,0.99448,0.81202,0.49305,0.29245,0.99292,0.00126489,0.00126489,0.00126489
60,157.906,0.5368,0.38682,1.18488,0.98782,0.97674,0.98993,0.7749,0.54221,0.32701,1.03811,0.00126206,0.00126206,0.00126206
61,160.534,0.53596,0.39204,1.19929,0.96292,0.97859,0.98292,0.78246,0.51945,0.32987,1.04648,0.00125923,0.00125923,0.00125923
62,163.114,0.53646,0.39291,1.2148,0.99096,1,0.99483,0.79418,0.50659,0.29518,1.01102,0.00125641,0.00125641,0.00125641
63,166.205,0.54383,0.40249,1.23038,0.96121,0.98958,0.98814,0.8029,0.50561,0.30457,1.0297,0.00125358,0.00125358,0.00125358
64,169.342,0.54337,0.39065,1.19359,0.99713,1,0.995,0.82689,0.5051,0.28602,0.98709,0.00125075,0.00125075,0.00125075
65,172.332,0.55856,0.41461,1.21046,0.9872,0.99624,0.995,0.82608,0.47967,0.29503,1.00397,0.00124792,0.00124792,0.00124792
66,175.382,0.53357,0.38747,1.21683,0.97113,0.9811,0.99344,0.80896,0.5007,0.31686,1.01127,0.00124509,0.00124509,0.00124509
67,178.161,0.53162,0.38794,1.19665,0.99093,0.97246,0.9937,0.80708,0.50122,0.30103,0.98774,0.00124226,0.00124226,0.00124226
68,180.778,0.54348,0.39579,1.19321,0.99113,0.98729,0.99497,0.79008,0.50481,0.30187,1.00521,0.00123943,0.00123943,0.00123943
69,183.382,0.52824,0.38629,1.18022,0.99629,0.99706,0.995,0.8014,0.49317,0.28703,0.99574,0.0012366,0.0012366,0.0012366
70,185.969,0.53517,0.38333,1.17705,0.99601,0.99957,0.995,0.79781,0.49077,0.28343,0.98725,0.00123377,0.00123377,0.00123377
71,188.555,0.53277,0.38039,1.1506,0.99661,0.99479,0.99495,0.82057,0.49507,0.28498,1.00009,0.00123094,0.00123094,0.00123094
72,191.075,0.5029,0.36748,1.18059,0.99627,1,0.995,0.82417,0.48569,0.28229,0.98901,0.00122811,0.00122811,0.00122811
73,193.628,0.52604,0.3736,1.19053,0.99641,1,0.995,0.81078,0.51422,0.2969,0.99011,0.00122528,0.00122528,0.00122528
74,196.085,0.53406,0.37672,1.17163,0.99612,0.99942,0.995,0.81269,0.50002,0.28301,0.98948,0.00122245,0.00122245,0.00122245
75,198.619,0.53677,0.38101,1.2076,0.99777,0.99667,0.995,0.81145,0.4942,0.2757,0.98869,0.00121962,0.00121962,0.00121962
76,201.073,0.54396,0.37796,1.19767,0.99576,0.99937,0.995,0.83074,0.47687,0.27314,0.9801,0.00121679,0.00121679,0.00121679
77,203.617,0.51536,0.36609,1.18106,0.98763,1,0.995,0.80803,0.49063,0.2795,0.99173,0.00121396,0.00121396,0.00121396
78,206.186,0.52613,0.37131,1.1995,0.99473,1,0.995,0.81672,0.4843,0.26743,0.97499,0.00121113,0.00121113,0.00121113
79,208.77,0.52402,0.36856,1.17211,0.99265,1,0.995,0.82372,0.46738,0.27242,0.9844,0.00120831,0.00120831,0.00120831
80,211.536,0.52205,0.37119,1.18313,0.9974,1,0.995,0.832,0.47026,0.27338,1.00261,0.00120548,0.00120548,0.00120548
81,214.466,0.51033,0.36186,1.21535,0.99482,1,0.995,0.8325,0.47205,0.27422,0.98783,0.00120265,0.00120265,0.00120265
82,217.312,0.50542,0.36326,1.18698,0.98582,1,0.995,0.816,0.48544,0.28013,0.98818,0.00119982,0.00119982,0.00119982
83,219.747,0.51082,0.3613,1.14823,0.98618,0.99273,0.99428,0.80468,0.50581,0.27831,1.00904,0.00119699,0.00119699,0.00119699
84,222.291,0.51635,0.36565,1.17602,0.98583,0.99856,0.99495,0.82639,0.46635,0.26803,0.97578,0.00119416,0.00119416,0.00119416
85,224.747,0.51127,0.36067,1.19067,0.99571,0.99807,0.995,0.82301,0.45205,0.26067,0.96711,0.00119133,0.00119133,0.00119133
86,227.532,0.50602,0.35253,1.1786,0.99685,1,0.995,0.8151,0.48583,0.2729,0.97107,0.0011885,0.0011885,0.0011885
87,230.048,0.49482,0.35128,1.16132,0.99334,0.98919,0.995,0.82084,0.49213,0.27583,0.9857,0.00118567,0.00118567,0.00118567
88,232.589,0.50093,0.36171,1.14813,0.99137,0.99723,0.99485,0.81223,0.49465,0.27683,0.99112,0.00118284,0.00118284,0.00118284
89,235.234,0.51267,0.36722,1.19306,0.99284,1,0.995,0.82374,0.46515,0.27139,0.98416,0.00118001,0.00118001,0.00118001
90,237.857,0.50235,0.35387,1.1895,0.96647,1,0.98593,0.83008,0.46107,0.2793,0.98763,0.00117718,0.00117718,0.00117718
91,240.515,0.51654,0.35727,1.17818,0.99203,0.99479,0.99495,0.82252,0.4685,0.27829,0.98036,0.00117435,0.00117435,0.00117435
92,243.174,0.48621,0.34845,1.1605,0.99698,0.99923,0.995,0.80982,0.48732,0.2646,0.98247,0.00117152,0.00117152,0.00117152
93,245.817,0.51163,0.34987,1.19023,0.9976,1,0.995,0.81753,0.48983,0.26554,0.98382,0.00116869,0.00116869,0.00116869
94,248.268,0.5016,0.34198,1.16243,0.9981,1,0.995,0.83615,0.46803,0.26075,0.99305,0.00116586,0.00116586,0.00116586
95,250.75,0.49174,0.34819,1.18477,0.99617,1,0.995,0.8365,0.46587,0.26209,0.98608,0.00116303,0.00116303,0.00116303
96,253.348,0.50199,0.34784,1.16957,0.99462,1,0.995,0.80338,0.49328,0.27176,0.98905,0.00116021,0.00116021,0.00116021
97,255.943,0.49627,0.34698,1.18675,0.99679,1,0.995,0.82991,0.45866,0.26189,0.97137,0.00115738,0.00115738,0.00115738
98,258.557,0.48115,0.33761,1.15647,0.99214,0.97647,0.9945,0.82143,0.47028,0.27176,0.99861,0.00115455,0.00115455,0.00115455
99,261.061,0.49458,0.34692,1.17985,0.99848,0.98851,0.99394,0.8094,0.4792,0.26903,0.97622,0.00115172,0.00115172,0.00115172
100,263.586,0.50395,0.34649,1.18305,0.99156,0.98958,0.99448,0.83097,0.45392,0.25645,0.97168,0.00114889,0.00114889,0.00114889
101,266.2,0.49714,0.34947,1.18333,0.99827,1,0.995,0.81892,0.45544,0.25809,0.96865,0.00114606,0.00114606,0.00114606
102,268.671,0.49413,0.34608,1.18225,0.96653,0.94486,0.97239,0.79904,0.47214,0.29511,0.99259,0.00114323,0.00114323,0.00114323
103,271.209,0.48,0.34253,1.16529,0.98345,0.9574,0.98344,0.8113,0.49042,0.29432,1.01012,0.0011404,0.0011404,0.0011404
104,273.859,0.50151,0.35134,1.18747,0.99476,1,0.995,0.81713,0.47265,0.26006,1.00518,0.00113757,0.00113757,0.00113757
105,276.475,0.48162,0.33602,1.14567,0.99802,1,0.995,0.8408,0.47488,0.25719,0.97261,0.00113474,0.00113474,0.00113474
106,278.999,0.47421,0.34263,1.1492,0.99793,1,0.995,0.84804,0.45816,0.24907,0.96062,0.00113191,0.00113191,0.00113191
107,281.442,0.49297,0.34843,1.1757,0.99813,0.9985,0.995,0.83662,0.46025,0.25773,0.97729,0.00112908,0.00112908,0.00112908
108,284.104,0.47133,0.33773,1.12872,0.99682,0.99959,0.995,0.83472,0.45924,0.26497,0.97531,0.00112625,0.00112625,0.00112625
109,286.46,0.46498,0.32299,1.15319,0.99832,1,0.995,0.8561,0.4246,0.24603,0.97836,0.00112342,0.00112342,0.00112342
110,288.873,0.47844,0.33681,1.18728,0.99734,1,0.995,0.83256,0.45214,0.25255,0.97094,0.00112059,0.00112059,0.00112059
111,291.247,0.47242,0.32901,1.14402,0.99826,1,0.995,0.82997,0.46407,0.25643,0.9672,0.00111776,0.00111776,0.00111776
112,293.638,0.46607,0.32514,1.13684,0.99727,0.99766,0.995,0.85165,0.43668,0.25086,0.97348,0.00111493,0.00111493,0.00111493
113,296.077,0.46366,0.32682,1.146,0.99286,0.99527,0.995,0.83537,0.47305,0.26266,0.97496,0.0011121,0.0011121,0.0011121
114,298.466,0.4709,0.32754,1.1455,0.9981,1,0.995,0.82973,0.45851,0.25791,1.00337,0.00110928,0.00110928,0.00110928
115,300.966,0.46372,0.32505,1.14985,0.99807,1,0.995,0.82767,0.44545,0.24548,0.96305,0.00110645,0.00110645,0.00110645
116,303.369,0.47156,0.3353,1.17039,0.99749,1,0.995,0.84198,0.44777,0.25339,0.97705,0.00110362,0.00110362,0.00110362
117,305.763,0.48271,0.3459,1.16716,0.99481,1,0.995,0.83136,0.46157,0.25508,0.97221,0.00110079,0.00110079,0.00110079
118,308.148,0.45984,0.32383,1.13145,0.99561,0.99684,0.995,0.82046,0.44878,0.25402,0.97055,0.00109796,0.00109796,0.00109796
119,310.781,0.45471,0.31385,1.14213,0.99727,1,0.995,0.84525,0.43291,0.24106,0.96021,0.00109513,0.00109513,0.00109513
120,313.163,0.45918,0.3298,1.14262,0.99257,1,0.99321,0.84223,0.4456,0.24364,0.95837,0.0010923,0.0010923,0.0010923
121,315.555,0.47679,0.31501,1.1383,0.99243,1,0.99423,0.85411,0.44609,0.24802,0.97792,0.00108947,0.00108947,0.00108947
122,317.945,0.46584,0.3359,1.15869,0.9936,1,0.995,0.85462,0.444,0.23912,0.97027,0.00108664,0.00108664,0.00108664
123,320.624,0.46122,0.32334,1.18073,0.99763,1,0.995,0.85532,0.44391,0.24401,0.96566,0.00108381,0.00108381,0.00108381
124,323.32,0.47414,0.32611,1.14799,0.99817,1,0.995,0.84227,0.45916,0.25159,0.96433,0.00108098,0.00108098,0.00108098
125,325.781,0.45954,0.32547,1.16118,0.99638,0.99823,0.995,0.85307,0.45004,0.2559,0.97805,0.00107815,0.00107815,0.00107815
126,328.27,0.45503,0.32403,1.10599,0.99821,0.9887,0.995,0.8559,0.45987,0.26043,0.98763,0.00107532,0.00107532,0.00107532
127,330.85,0.44623,0.32343,1.15341,0.99818,0.99691,0.995,0.85251,0.45136,0.2455,0.98348,0.00107249,0.00107249,0.00107249
128,333.52,0.46239,0.31807,1.14762,0.9977,0.9997,0.995,0.83991,0.45516,0.24455,0.96851,0.00106966,0.00106966,0.00106966
129,336.091,0.4652,0.32199,1.16086,0.99627,0.99941,0.995,0.83067,0.44489,0.24483,0.97597,0.00106683,0.00106683,0.00106683
130,338.631,0.45124,0.31601,1.1412,0.97796,0.9974,0.99136,0.83356,0.43662,0.25621,0.95588,0.001064,0.001064,0.001064
131,341.319,0.46116,0.31525,1.13412,0.95392,0.99529,0.98383,0.82107,0.46044,0.26668,0.97433,0.00106118,0.00106118,0.00106118
132,343.932,0.47643,0.33553,1.15691,0.98963,0.99341,0.995,0.82395,0.45993,0.26954,0.97073,0.00105835,0.00105835,0.00105835
133,346.403,0.46615,0.32812,1.15437,0.99748,1,0.995,0.84279,0.44051,0.24344,0.9694,0.00105552,0.00105552,0.00105552
134,348.974,0.44987,0.31724,1.13663,0.99812,1,0.995,0.86284,0.43752,0.241,0.98415,0.00105269,0.00105269,0.00105269
135,351.734,0.44795,0.31607,1.15102,0.99629,1,0.995,0.86115,0.43436,0.23612,0.96158,0.00104986,0.00104986,0.00104986
136,354.214,0.45225,0.32319,1.14593,0.98926,1,0.99449,0.85031,0.44092,0.24463,0.9657,0.00104703,0.00104703,0.00104703
137,356.715,0.45065,0.32144,1.13938,0.98973,1,0.995,0.85118,0.42743,0.24912,0.97259,0.0010442,0.0010442,0.0010442
138,359.284,0.44309,0.31686,1.13149,0.98473,1,0.995,0.85322,0.43849,0.24337,0.95353,0.00104137,0.00104137,0.00104137
139,361.769,0.45469,0.32816,1.11677,0.99791,0.99747,0.995,0.85255,0.45909,0.25,0.96588,0.00103854,0.00103854,0.00103854
140,364.25,0.46377,0.32045,1.14882,0.99339,0.99541,0.99182,0.8547,0.44973,0.24928,0.9719,0.00103571,0.00103571,0.00103571
141,366.759,0.46381,0.31876,1.16643,0.9876,0.9952,0.99168,0.8258,0.45491,0.25427,0.96858,0.00103288,0.00103288,0.00103288
142,369.668,0.45399,0.31837,1.145,0.9901,0.97907,0.99417,0.83314,0.46882,0.27116,0.97627,0.00103005,0.00103005,0.00103005
143,372.321,0.44565,0.3099,1.15509,0.98648,0.99808,0.99464,0.83285,0.45934,0.25408,0.95589,0.00102722,0.00102722,0.00102722
144,374.871,0.44545,0.32051,1.13456,0.99836,0.99886,0.995,0.86243,0.42357,0.23391,0.9614,0.00102439,0.00102439,0.00102439
145,377.415,0.43846,0.31118,1.12464,0.99662,1,0.995,0.8578,0.42495,0.23802,0.97375,0.00102156,0.00102156,0.00102156
146,379.98,0.44687,0.30845,1.12673,0.99625,1,0.995,0.85794,0.43088,0.2373,0.95207,0.00101873,0.00101873,0.00101873
147,382.542,0.44379,0.31288,1.1494,0.99619,1,0.995,0.86324,0.42134,0.23459,0.95291,0.0010159,0.0010159,0.0010159
148,385.027,0.43255,0.30255,1.1351,0.99618,1,0.995,0.86418,0.41718,0.22942,0.95229,0.00101308,0.00101308,0.00101308
149,387.603,0.44696,0.30842,1.14964,0.99661,1,0.995,0.84418,0.43563,0.2406,0.97152,0.00101025,0.00101025,0.00101025
150,390.204,0.44944,0.31335,1.1289,0.99086,1,0.99469,0.85118,0.43029,0.23889,0.97948,0.00100742,0.00100742,0.00100742
151,392.897,0.44236,0.31267,1.15036,0.99326,0.99817,0.995,0.86199,0.42604,0.24678,0.9655,0.00100459,0.00100459,0.00100459
152,395.381,0.45253,0.31697,1.14231,0.99367,1,0.995,0.85208,0.42933,0.24643,0.96752,0.00100176,0.00100176,0.00100176
153,397.887,0.45506,0.32335,1.14949,0.99647,1,0.995,0.86589,0.42518,0.23733,0.9707,0.000998928,0.000998928,0.000998928
154,400.42,0.43747,0.30269,1.14479,0.99823,1,0.995,0.86849,0.43544,0.23609,0.97695,0.000996099,0.000996099,0.000996099
155,402.914,0.43511,0.30321,1.14465,0.99771,1,0.995,0.86063,0.42301,0.22738,0.97145,0.000993269,0.000993269,0.000993269
156,405.382,0.44017,0.30487,1.1533,0.99691,1,0.995,0.85685,0.43388,0.23884,0.9587,0.00099044,0.00099044,0.00099044
157,407.987,0.43756,0.30863,1.15784,0.99438,1,0.995,0.83799,0.42486,0.2359,0.95715,0.00098761,0.00098761,0.00098761
158,410.783,0.42983,0.30024,1.14536,0.99673,1,0.995,0.84246,0.42363,0.23315,0.95691,0.000984781,0.000984781,0.000984781
159,413.392,0.43442,0.30041,1.131,0.99318,1,0.995,0.86238,0.41102,0.23538,0.96612,0.000981952,0.000981952,0.000981952
160,416.254,0.42869,0.30262,1.16687,0.99336,1,0.995,0.86299,0.41583,0.23022,0.96153,0.000979122,0.000979122,0.000979122
161,419,0.42333,0.29753,1.13929,0.99776,0.9985,0.995,0.85973,0.41563,0.22896,0.95122,0.000976293,0.000976293,0.000976293
162,421.608,0.45049,0.31466,1.13141,0.99845,0.9985,0.995,0.86896,0.41545,0.22863,0.9593,0.000973463,0.000973463,0.000973463
163,424.15,0.44929,0.3094,1.13214,0.99839,1,0.995,0.85971,0.42707,0.23521,0.95098,0.000970634,0.000970634,0.000970634
164,426.696,0.45653,0.31458,1.16766,0.99824,1,0.995,0.86608,0.40786,0.22809,0.95537,0.000967805,0.000967805,0.000967805
165,429.293,0.43977,0.31353,1.15278,0.99803,1,0.995,0.85598,0.42835,0.23002,0.95208,0.000964975,0.000964975,0.000964975
166,431.846,0.45446,0.31449,1.1201,0.99739,1,0.995,0.86744,0.40558,0.23054,0.94255,0.000962146,0.000962146,0.000962146
167,434.365,0.45387,0.32678,1.16752,0.99789,1,0.995,0.84447,0.42428,0.23912,0.95458,0.000959316,0.000959316,0.000959316
168,436.986,0.44369,0.30923,1.13919,0.99664,1,0.995,0.85044,0.42091,0.23249,0.95494,0.000956487,0.000956487,0.000956487
169,439.475,0.42343,0.30322,1.16377,0.99297,1,0.995,0.85905,0.4087,0.22922,0.94418,0.000953657,0.000953657,0.000953657
170,441.915,0.41923,0.29758,1.11645,0.99057,0.99899,0.99495,0.85726,0.40345,0.23498,0.93888,0.000950828,0.000950828,0.000950828
171,444.436,0.42568,0.3006,1.14998,0.99583,0.99914,0.995,0.8549,0.39297,0.22467,0.94688,0.000947999,0.000947999,0.000947999
172,447.113,0.41493,0.29185,1.12761,0.99775,0.99986,0.995,0.86418,0.38834,0.22126,0.96264,0.000945169,0.000945169,0.000945169
173,449.73,0.40495,0.29329,1.12829,0.99762,1,0.995,0.8641,0.39846,0.22703,0.96144,0.00094234,0.00094234,0.00094234
174,452.323,0.41489,0.28949,1.09908,0.99609,1,0.995,0.86255,0.41626,0.23523,0.96374,0.00093951,0.00093951,0.00093951
175,454.941,0.42405,0.29811,1.14368,0.99864,1,0.995,0.86812,0.41028,0.22594,0.96739,0.000936681,0.000936681,0.000936681
176,457.729,0.41648,0.29515,1.11413,0.99814,1,0.995,0.8709,0.41208,0.22496,0.95938,0.000933851,0.000933851,0.000933851
177,460.247,0.42025,0.29641,1.13793,0.99906,0.99965,0.995,0.87178,0.41583,0.22975,0.95448,0.000931022,0.000931022,0.000931022
178,462.794,0.42672,0.29623,1.15591,0.99833,1,0.995,0.86262,0.41972,0.22992,0.96198,0.000928193,0.000928193,0.000928193
179,465.355,0.43512,0.30363,1.15736,0.9986,1,0.995,0.86526,0.41192,0.23093,0.95986,0.000925363,0.000925363,0.000925363
180,467.902,0.42278,0.29489,1.14303,0.99766,1,0.995,0.86792,0.4097,0.22747,0.95321,0.000922534,0.000922534,0.000922534
181,470.392,0.44119,0.30386,1.15971,0.99865,0.99945,0.995,0.86562,0.40834,0.22471,0.95044,0.000919704,0.000919704,0.000919704
182,472.877,0.4166,0.28788,1.10598,0.99146,1,0.99495,0.87329,0.40849,0.22607,0.94507,0.000916875,0.000916875,0.000916875
183,475.419,0.40629,0.2888,1.13708,0.99163,0.99906,0.99495,0.87437,0.40418,0.22282,0.95997,0.000914046,0.000914046,0.000914046
184,477.963,0.40547,0.30018,1.15924,0.99664,0.9985,0.995,0.88053,0.3988,0.22567,0.93897,0.000911216,0.000911216,0.000911216
185,480.409,0.41197,0.29615,1.11346,0.99713,1,0.995,0.87121,0.3925,0.2218,0.96717,0.000908387,0.000908387,0.000908387
186,482.84,0.41136,0.29521,1.13197,0.99743,0.99993,0.995,0.87406,0.41056,0.22648,0.94614,0.000905557,0.000905557,0.000905557
187,485.402,0.43389,0.30283,1.1211,0.99149,0.99479,0.99467,0.85111,0.41,0.23378,0.97242,0.000902728,0.000902728,0.000902728
188,488.028,0.41181,0.291,1.13216,0.98771,1,0.99157,0.86962,0.39589,0.23104,0.95065,0.000899898,0.000899898,0.000899898
189,490.584,0.40834,0.2828,1.13342,0.98685,1,0.99177,0.86061,0.39509,0.22828,0.95889,0.000897069,0.000897069,0.000897069
190,493.265,0.40425,0.29114,1.11558,0.99417,1,0.995,0.86911,0.40367,0.22245,0.96003,0.00089424,0.00089424,0.00089424
191,495.841,0.40716,0.28726,1.12298,0.99131,1,0.99397,0.868,0.39715,0.22469,0.95829,0.00089141,0.00089141,0.00089141
192,498.299,0.4115,0.28834,1.09681,0.99588,1,0.995,0.86336,0.39762,0.22379,0.9542,0.000888581,0.000888581,0.000888581
193,500.906,0.44447,0.30676,1.15334,0.99452,1,0.995,0.86261,0.41121,0.22737,0.96228,0.000885751,0.000885751,0.000885751
194,503.73,0.4327,0.30699,1.14309,0.9812,1,0.98944,0.86215,0.40181,0.22643,0.94808,0.000882922,0.000882922,0.000882922
195,506.514,0.4122,0.29329,1.13989,0.99255,1,0.99469,0.88482,0.3799,0.21569,0.94516,0.000880093,0.000880093,0.000880093
196,509.025,0.39927,0.28619,1.12454,0.9989,1,0.995,0.87931,0.3857,0.2164,0.94517,0.000877263,0.000877263,0.000877263
197,511.585,0.41053,0.295,1.14327,0.99154,0.99968,0.99495,0.86611,0.40067,0.22371,0.96958,0.000874434,0.000874434,0.000874434
198,514.145,0.41616,0.29429,1.13484,0.98054,0.99437,0.99043,0.87226,0.40442,0.22456,0.97452,0.000871604,0.000871604,0.000871604
199,516.756,0.41601,0.28969,1.12707,0.98371,0.99987,0.99054,0.8633,0.40671,0.22886,0.97391,0.000868775,0.000868775,0.000868775
200,519.318,0.40585,0.28539,1.11857,0.99246,1,0.995,0.87537,0.39924,0.21812,0.95829,0.000865945,0.000865945,0.000865945
201,522.065,0.4111,0.28855,1.1427,0.99834,1,0.995,0.87655,0.39403,0.21854,0.95311,0.000863116,0.000863116,0.000863116
202,524.784,0.41031,0.28796,1.14077,0.99774,1,0.995,0.87801,0.41256,0.22314,0.96184,0.000860287,0.000860287,0.000860287
203,527.402,0.40281,0.28997,1.13886,0.99817,1,0.995,0.87855,0.39393,0.21886,0.95427,0.000857457,0.000857457,0.000857457
204,529.97,0.40334,0.28387,1.11052,0.99797,1,0.995,0.87687,0.40059,0.216,0.93205,0.000854628,0.000854628,0.000854628
205,532.604,0.41399,0.29015,1.14211,0.99772,1,0.995,0.86593,0.39933,0.21963,0.94066,0.000851798,0.000851798,0.000851798
206,535.26,0.41714,0.29492,1.1285,0.9977,1,0.995,0.8767,0.38231,0.21438,0.94023,0.000848969,0.000848969,0.000848969
207,537.84,0.42278,0.29381,1.14875,0.99454,1,0.995,0.87454,0.41062,0.22036,0.94502,0.000846139,0.000846139,0.000846139
208,540.504,0.39806,0.28118,1.12574,0.99528,1,0.995,0.88077,0.38321,0.21861,0.94288,0.00084331,0.00084331,0.00084331
209,543.354,0.39349,0.28053,1.11095,0.99641,1,0.995,0.8762,0.38562,0.21253,0.94273,0.000840481,0.000840481,0.000840481
210,546.12,0.40249,0.28172,1.12715,0.99693,1,0.995,0.88544,0.39561,0.21339,0.9546,0.000837651,0.000837651,0.000837651
211,548.748,0.40384,0.28011,1.13271,0.9974,1,0.995,0.8857,0.37981,0.21099,0.94603,0.000834822,0.000834822,0.000834822
212,551.5,0.38166,0.27809,1.1258,0.99812,1,0.995,0.88978,0.36493,0.20694,0.94651,0.000831992,0.000831992,0.000831992
213,554.198,0.38545,0.27767,1.13083,0.99763,1,0.995,0.87749,0.37419,0.21407,0.9376,0.000829163,0.000829163,0.000829163
214,557.068,0.39483,0.28258,1.14419,0.99708,1,0.995,0.87801,0.37419,0.21646,0.94637,0.000826334,0.000826334,0.000826334
215,559.621,0.3958,0.27684,1.12945,0.99666,1,0.995,0.88783,0.3695,0.22088,0.94791,0.000823504,0.000823504,0.000823504
216,562.396,0.40088,0.28611,1.14664,0.98864,1,0.99498,0.88128,0.38017,0.22892,0.95417,0.000820675,0.000820675,0.000820675
217,565.097,0.40429,0.28822,1.13526,0.99673,1,0.995,0.87166,0.39101,0.22069,0.94461,0.000817845,0.000817845,0.000817845
218,567.726,0.38454,0.27144,1.12864,0.99547,1,0.995,0.88577,0.36787,0.20992,0.94295,0.000815016,0.000815016,0.000815016
219,570.314,0.38951,0.2787,1.1355,0.99814,1,0.995,0.88185,0.38037,0.21643,0.94969,0.000812186,0.000812186,0.000812186
220,573.07,0.4027,0.26834,1.1171,0.99627,1,0.995,0.87981,0.37048,0.21325,0.93477,0.000809357,0.000809357,0.000809357
221,575.758,0.38546,0.28233,1.13055,0.99814,1,0.995,0.87532,0.36983,0.21523,0.94915,0.000806528,0.000806528,0.000806528
222,578.449,0.39619,0.27578,1.13103,0.99864,1,0.995,0.8885,0.37021,0.20906,0.95058,0.000803698,0.000803698,0.000803698
223,581.195,0.37991,0.28033,1.13085,0.99678,0.99945,0.995,0.8827,0.37504,0.20849,0.9587,0.000800869,0.000800869,0.000800869
224,583.828,0.38878,0.27265,1.12372,0.9972,1,0.995,0.88194,0.37776,0.2139,0.93833,0.000798039,0.000798039,0.000798039
225,586.464,0.38966,0.28275,1.12076,0.99864,1,0.995,0.87826,0.38023,0.21138,0.94091,0.00079521,0.00079521,0.00079521
226,589.122,0.39826,0.28463,1.1414,0.99481,1,0.995,0.87721,0.37352,0.20762,0.94965,0.00079238,0.00079238,0.00079238
227,591.948,0.37956,0.27293,1.11259,0.99574,0.9985,0.995,0.88272,0.3744,0.20778,0.95254,0.000789551,0.000789551,0.000789551
228,594.648,0.37804,0.27445,1.11279,0.99821,0.99933,0.995,0.8721,0.38307,0.21384,0.96281,0.000786722,0.000786722,0.000786722
229,597.244,0.39472,0.28469,1.1489,0.9977,1,0.995,0.86196,0.37863,0.21778,0.9683,0.000783892,0.000783892,0.000783892
230,599.998,0.382,0.27384,1.1211,0.99825,1,0.995,0.87763,0.36658,0.2071,0.96047,0.000781063,0.000781063,0.000781063
231,602.6,0.37957,0.27046,1.12005,0.99772,1,0.995,0.88261,0.35935,0.20585,0.94099,0.000778233,0.000778233,0.000778233
232,605.205,0.38735,0.27776,1.12375,0.99808,1,0.995,0.879,0.35732,0.20647,0.94859,0.000775404,0.000775404,0.000775404
233,607.991,0.37707,0.27663,1.14511,0.99749,1,0.995,0.8721,0.36372,0.20501,0.94399,0.000772575,0.000772575,0.000772575
234,610.716,0.37724,0.27307,1.11077,0.99707,1,0.995,0.88034,0.37021,0.20423,0.94239,0.000769745,0.000769745,0.000769745
235,613.27,0.37298,0.26934,1.11769,0.99785,1,0.995,0.88728,0.36945,0.20718,0.94633,0.000766916,0.000766916,0.000766916
236,615.794,0.38341,0.27857,1.16101,0.99786,1,0.995,0.88798,0.36051,0.20448,0.93691,0.000764086,0.000764086,0.000764086
237,618.449,0.38254,0.27241,1.12696,0.99684,1,0.995,0.88307,0.36754,0.20861,0.93094,0.000761257,0.000761257,0.000761257
238,621.173,0.37863,0.27698,1.10065,0.998,1,0.995,0.87456,0.37458,0.20955,0.9479,0.000758427,0.000758427,0.000758427
239,623.784,0.38561,0.27241,1.11069,0.99625,1,0.99498,0.88151,0.36195,0.21012,0.94011,0.000755598,0.000755598,0.000755598
240,626.388,0.38396,0.27859,1.12737,0.99664,1,0.99498,0.88911,0.35986,0.20621,0.94784,0.000752769,0.000752769,0.000752769
241,629.226,0.3847,0.27433,1.14443,0.99214,1,0.99392,0.87959,0.35814,0.2071,0.94471,0.000749939,0.000749939,0.000749939
242,631.9,0.37831,0.27366,1.10804,0.99113,1,0.99479,0.87124,0.36355,0.21522,0.94548,0.00074711,0.00074711,0.00074711
243,634.47,0.37962,0.27912,1.12978,0.99442,1,0.995,0.871,0.37104,0.22216,0.94211,0.00074428,0.00074428,0.00074428
244,637.051,0.37531,0.27103,1.1276,0.99598,1,0.995,0.88264,0.34771,0.20877,0.93723,0.000741451,0.000741451,0.000741451
245,639.676,0.36747,0.26547,1.11119,0.99788,1,0.995,0.88482,0.34878,0.2057,0.93577,0.000738622,0.000738622,0.000738622
246,642.297,0.38167,0.27174,1.14313,0.99817,1,0.995,0.89185,0.35039,0.20196,0.93892,0.000735792,0.000735792,0.000735792
247,644.83,0.36378,0.27079,1.11996,0.99823,1,0.995,0.88458,0.36135,0.20184,0.93087,0.000732963,0.000732963,0.000732963
248,647.64,0.356,0.2631,1.1126,0.99808,1,0.995,0.88361,0.36709,0.20061,0.93929,0.000730133,0.000730133,0.000730133
249,650.309,0.36868,0.26905,1.10393,0.99782,1,0.995,0.88804,0.36215,0.20043,0.92971,0.000727304,0.000727304,0.000727304
250,652.88,0.3595,0.26151,1.10189,0.99877,1,0.995,0.88417,0.35384,0.19806,0.93052,0.000724474,0.000724474,0.000724474
251,655.593,0.36332,0.26497,1.10596,0.99815,1,0.995,0.88618,0.35485,0.19915,0.9392,0.000721645,0.000721645,0.000721645
252,658.34,0.36696,0.26682,1.1292,0.99744,1,0.995,0.87537,0.35151,0.20338,0.93402,0.000718816,0.000718816,0.000718816
253,661.123,0.37101,0.26623,1.14214,0.99315,1,0.99244,0.87459,0.36769,0.20325,0.95026,0.000715986,0.000715986,0.000715986
254,663.815,0.37392,0.27368,1.13565,0.99313,1,0.99254,0.8762,0.36016,0.20444,0.95002,0.000713157,0.000713157,0.000713157
255,666.465,0.36332,0.26293,1.15613,0.99662,1,0.995,0.88764,0.34905,0.19891,0.93415,0.000710327,0.000710327,0.000710327
256,669.138,0.35695,0.26277,1.11152,0.99895,0.99919,0.995,0.88167,0.35551,0.20283,0.94221,0.000707498,0.000707498,0.000707498
257,671.751,0.36322,0.25942,1.10374,0.99848,1,0.995,0.88508,0.35276,0.20214,0.92735,0.000704668,0.000704668,0.000704668
258,674.302,0.34436,0.25645,1.09661,0.99809,1,0.995,0.88556,0.35114,0.20281,0.9303,0.000701839,0.000701839,0.000701839
259,677.026,0.37694,0.27498,1.15102,0.99874,0.9998,0.995,0.88088,0.3508,0.20602,0.93373,0.00069901,0.00069901,0.00069901
260,679.721,0.36249,0.26683,1.1217,0.99852,1,0.995,0.88127,0.35232,0.20359,0.94184,0.00069618,0.00069618,0.00069618
261,682.224,0.36685,0.26579,1.11714,0.99835,1,0.995,0.88413,0.3586,0.19662,0.93937,0.000693351,0.000693351,0.000693351
262,684.721,0.36075,0.26814,1.1261,0.99114,1,0.99479,0.87886,0.36375,0.20477,0.93736,0.000690521,0.000690521,0.000690521
263,687.442,0.36488,0.26836,1.11348,0.99113,1,0.99351,0.87472,0.35902,0.20686,0.9347,0.000687692,0.000687692,0.000687692
264,690.086,0.34869,0.26132,1.10094,0.99601,1,0.995,0.88522,0.34476,0.20353,0.93109,0.000684863,0.000684863,0.000684863
265,692.589,0.36296,0.26883,1.12801,0.99705,1,0.99494,0.88675,0.35561,0.20265,0.92764,0.000682033,0.000682033,0.000682033
266,695.24,0.37594,0.26745,1.12992,0.99639,1,0.995,0.88777,0.34788,0.20521,0.92529,0.000679204,0.000679204,0.000679204
267,698.166,0.3545,0.26715,1.12634,0.99633,1,0.995,0.89009,0.3414,0.19821,0.9299,0.000676374,0.000676374,0.000676374
268,700.858,0.37125,0.26365,1.13042,0.99831,1,0.995,0.88635,0.34075,0.20107,0.9226,0.000673545,0.000673545,0.000673545
269,703.46,0.35779,0.26227,1.12607,0.99812,1,0.995,0.89132,0.34349,0.19654,0.92277,0.000670715,0.000670715,0.000670715
270,706.28,0.351,0.26243,1.10733,0.99899,1,0.995,0.88823,0.34729,0.19625,0.92678,0.000667886,0.000667886,0.000667886
271,708.964,0.35824,0.25807,1.11403,0.99901,1,0.995,0.89281,0.34155,0.19535,0.93014,0.000665057,0.000665057,0.000665057
272,711.574,0.3419,0.25768,1.10728,0.99864,1,0.995,0.89481,0.34096,0.19643,0.92547,0.000662227,0.000662227,0.000662227
273,714.126,0.34242,0.2513,1.11299,0.99841,1,0.995,0.89003,0.34835,0.20001,0.94029,0.000659398,0.000659398,0.000659398
274,716.796,0.34487,0.25479,1.09926,0.99774,1,0.995,0.88917,0.35286,0.19674,0.94084,0.000656568,0.000656568,0.000656568
275,719.438,0.35788,0.25745,1.10291,0.99789,1,0.995,0.89218,0.33847,0.19522,0.94344,0.000653739,0.000653739,0.000653739
276,722.082,0.34492,0.24963,1.11353,0.99879,1,0.995,0.89676,0.34402,0.19453,0.94525,0.000650909,0.000650909,0.000650909
277,725.028,0.36113,0.25768,1.1136,0.99869,1,0.995,0.89567,0.33207,0.19652,0.93671,0.00064808,0.00064808,0.00064808
278,728.164,0.36305,0.25667,1.11755,0.99845,1,0.995,0.89296,0.3303,0.1986,0.92951,0.000645251,0.000645251,0.000645251
279,731.195,0.34372,0.25309,1.1165,0.99871,1,0.995,0.90278,0.31975,0.19488,0.92163,0.000642421,0.000642421,0.000642421
280,734.098,0.34381,0.25113,1.10871,0.99896,1,0.995,0.89535,0.33396,0.19149,0.92728,0.000639592,0.000639592,0.000639592
281,737.043,0.35323,0.25461,1.13882,0.99879,1,0.995,0.89449,0.3399,0.19346,0.92467,0.000636762,0.000636762,0.000636762
282,739.936,0.34419,0.25106,1.11818,0.99845,1,0.995,0.89747,0.32943,0.1947,0.94207,0.000633933,0.000633933,0.000633933
283,742.773,0.35573,0.25997,1.12568,0.99892,1,0.995,0.88805,0.34993,0.19653,0.92969,0.000631104,0.000631104,0.000631104
284,745.623,0.35684,0.25653,1.12539,0.99901,0.99986,0.995,0.88666,0.34874,0.19899,0.93027,0.000628274,0.000628274,0.000628274
285,748.519,0.35784,0.2521,1.11658,0.99915,0.9987,0.995,0.88335,0.36331,0.20003,0.93677,0.000625445,0.000625445,0.000625445
286,751.552,0.34136,0.24523,1.08927,0.99891,1,0.995,0.88872,0.35043,0.19472,0.93494,0.000622615,0.000622615,0.000622615
287,754.469,0.35453,0.26269,1.13598,0.99855,1,0.995,0.88405,0.34232,0.19351,0.92923,0.000619786,0.000619786,0.000619786
288,757.477,0.34251,0.25458,1.10933,0.99909,1,0.995,0.89527,0.33974,0.19392,0.92748,0.000616956,0.000616956,0.000616956
289,760.342,0.35294,0.2541,1.1073,0.99899,1,0.995,0.89966,0.32542,0.19123,0.92224,0.000614127,0.000614127,0.000614127
290,763.152,0.35526,0.25826,1.1393,0.99855,1,0.995,0.88561,0.33319,0.19042,0.91873,0.000611298,0.000611298,0.000611298
291,766.057,0.34416,0.25446,1.11281,0.99814,1,0.995,0.88946,0.32652,0.19126,0.92352,0.000608468,0.000608468,0.000608468
292,768.882,0.33851,0.24752,1.11078,0.99876,1,0.995,0.88434,0.32625,0.1904,0.91876,0.000605639,0.000605639,0.000605639
293,771.745,0.3456,0.26086,1.10382,0.99808,1,0.995,0.88834,0.32589,0.19173,0.92071,0.000602809,0.000602809,0.000602809
294,774.661,0.3508,0.25357,1.09316,0.9982,1,0.995,0.8916,0.32489,0.19202,0.9251,0.00059998,0.00059998,0.00059998
295,777.627,0.33584,0.25081,1.09608,0.99888,1,0.995,0.88918,0.33938,0.18925,0.92811,0.000597151,0.000597151,0.000597151
296,780.54,0.36045,0.25959,1.12992,0.99274,1,0.99115,0.88562,0.34796,0.19887,0.93371,0.000594321,0.000594321,0.000594321
297,783.461,0.33386,0.24551,1.09476,0.99353,1,0.99115,0.89007,0.34453,0.19937,0.93687,0.000591492,0.000591492,0.000591492
298,786.436,0.33786,0.25441,1.11936,0.99891,1,0.995,0.89485,0.33686,0.19232,0.93548,0.000588662,0.000588662,0.000588662
299,789.289,0.33508,0.24557,1.10937,0.9983,1,0.995,0.89469,0.33053,0.19118,0.93058,0.000585833,0.000585833,0.000585833
300,792.161,0.33294,0.2505,1.10749,0.99899,1,0.995,0.88867,0.32841,0.19091,0.92288,0.000583003,0.000583003,0.000583003
301,795.035,0.34499,0.24986,1.08916,0.99907,1,0.995,0.88314,0.33547,0.1914,0.91446,0.000580174,0.000580174,0.000580174
302,797.914,0.36145,0.26382,1.12888,0.99849,1,0.995,0.88779,0.3313,0.18758,0.91635,0.000577345,0.000577345,0.000577345
303,800.754,0.34554,0.25306,1.13245,0.99861,1,0.995,0.89546,0.32856,0.19087,0.9281,0.000574515,0.000574515,0.000574515
304,803.632,0.34926,0.2584,1.12891,0.99882,1,0.995,0.89415,0.33317,0.19453,0.93212,0.000571686,0.000571686,0.000571686
305,806.634,0.32985,0.24147,1.08985,0.9991,1,0.995,0.89562,0.32703,0.18714,0.94007,0.000568856,0.000568856,0.000568856
306,809.453,0.33968,0.24392,1.10756,0.99885,1,0.995,0.8911,0.32825,0.18766,0.92222,0.000566027,0.000566027,0.000566027
307,812.313,0.33127,0.23849,1.10221,0.99803,1,0.995,0.89097,0.32156,0.18784,0.92468,0.000563197,0.000563197,0.000563197
308,815.327,0.34014,0.24855,1.12202,0.99812,1,0.995,0.89644,0.31866,0.18719,0.93302,0.000560368,0.000560368,0.000560368
309,818.212,0.33451,0.24911,1.1079,0.99804,1,0.995,0.89664,0.31777,0.18464,0.92676,0.000557539,0.000557539,0.000557539
310,821.021,0.32601,0.23881,1.0853,0.99904,1,0.995,0.88644,0.33502,0.19309,0.92506,0.000554709,0.000554709,0.000554709
311,823.913,0.33849,0.24787,1.1106,0.99363,0.99746,0.99408,0.8862,0.34565,0.1966,0.93129,0.00055188,0.00055188,0.00055188
312,826.759,0.3355,0.2443,1.1013,0.99336,0.99793,0.99495,0.88661,0.34105,0.19338,0.92639,0.00054905,0.00054905,0.00054905
313,829.557,0.34281,0.25512,1.11456,0.99687,1,0.995,0.89298,0.32856,0.18645,0.92196,0.000546221,0.000546221,0.000546221
314,832.385,0.33778,0.24578,1.0961,0.99616,1,0.995,0.90172,0.32158,0.18449,0.92424,0.000543392,0.000543392,0.000543392
315,835.278,0.32832,0.24286,1.11762,0.99783,1,0.995,0.89988,0.31926,0.19048,0.92988,0.000540562,0.000540562,0.000540562
316,838.118,0.32437,0.24891,1.09305,0.99845,1,0.995,0.89335,0.33708,0.19378,0.9303,0.000537733,0.000537733,0.000537733
317,840.932,0.33105,0.24487,1.09968,0.99875,1,0.995,0.89414,0.31838,0.18807,0.91949,0.000534903,0.000534903,0.000534903
318,843.802,0.34035,0.24993,1.1101,0.99858,1,0.995,0.89118,0.31349,0.18953,0.91619,0.000532074,0.000532074,0.000532074
319,846.785,0.33023,0.24759,1.12886,0.99865,1,0.995,0.89861,0.30491,0.18098,0.92114,0.000529244,0.000529244,0.000529244
320,849.63,0.3313,0.24576,1.12012,0.9988,1,0.995,0.90303,0.30135,0.17956,0.92038,0.000526415,0.000526415,0.000526415
321,852.619,0.3348,0.24644,1.08314,0.99796,1,0.995,0.90181,0.31328,0.18424,0.9255,0.000523586,0.000523586,0.000523586
322,855.786,0.32063,0.24496,1.10741,0.99821,1,0.995,0.90273,0.31584,0.18648,0.92948,0.000520756,0.000520756,0.000520756
323,858.666,0.32286,0.23979,1.1134,0.99808,1,0.995,0.89508,0.32997,0.19049,0.93409,0.000517927,0.000517927,0.000517927
324,861.548,0.33518,0.25126,1.09341,0.99774,1,0.995,0.89605,0.32076,0.1873,0.93441,0.000515097,0.000515097,0.000515097
325,864.441,0.3357,0.24573,1.08879,0.99811,1,0.995,0.88248,0.33006,0.18765,0.92905,0.000512268,0.000512268,0.000512268
326,867.311,0.32987,0.24243,1.10862,0.99807,1,0.995,0.89045,0.33051,0.19086,0.92739,0.000509438,0.000509438,0.000509438
327,870.174,0.33264,0.24504,1.10809,0.99791,1,0.995,0.89586,0.32974,0.18989,0.92796,0.000506609,0.000506609,0.000506609
328,873.086,0.32273,0.23631,1.08766,0.99874,1,0.995,0.89885,0.32293,0.18604,0.92166,0.00050378,0.00050378,0.00050378
329,876.011,0.33428,0.24413,1.0997,0.99894,1,0.995,0.90346,0.30688,0.18194,0.92165,0.00050095,0.00050095,0.00050095
330,878.844,0.32095,0.23908,1.09948,0.99897,1,0.995,0.89661,0.30863,0.18315,0.92396,0.000498121,0.000498121,0.000498121
331,881.766,0.32512,0.24376,1.11723,0.99849,1,0.995,0.90431,0.29869,0.17819,0.92227,0.000495291,0.000495291,0.000495291
332,884.7,0.32466,0.24373,1.12161,0.99849,1,0.995,0.90449,0.297,0.17799,0.92297,0.000492462,0.000492462,0.000492462
333,887.239,0.31979,0.23623,1.10956,0.99887,1,0.995,0.90316,0.31243,0.1821,0.92233,0.000489633,0.000489633,0.000489633
334,889.749,0.33088,0.24157,1.12652,0.99884,1,0.995,0.89607,0.32051,0.18372,0.91711,0.000486803,0.000486803,0.000486803
335,892.584,0.34087,0.25192,1.09786,0.99885,1,0.995,0.89929,0.31691,0.18089,0.9199,0.000483974,0.000483974,0.000483974
336,895.458,0.32039,0.2407,1.10753,0.99891,1,0.995,0.90025,0.30752,0.1802,0.92805,0.000481144,0.000481144,0.000481144
337,898.036,0.32433,0.23861,1.13563,0.99904,1,0.995,0.90451,0.30482,0.18053,0.928,0.000478315,0.000478315,0.000478315
338,900.612,0.32154,0.24264,1.07455,0.9988,1,0.995,0.89804,0.30858,0.18079,0.92191,0.000475485,0.000475485,0.000475485
339,903.251,0.31494,0.23385,1.09558,0.99886,1,0.995,0.89811,0.30445,0.17969,0.92282,0.000472656,0.000472656,0.000472656
340,905.844,0.31796,0.23963,1.10879,0.99884,1,0.995,0.89941,0.30885,0.18251,0.92092,0.000469827,0.000469827,0.000469827
341,908.398,0.3276,0.24585,1.12613,0.99896,1,0.995,0.90344,0.2992,0.18018,0.91566,0.000466997,0.000466997,0.000466997
342,911.154,0.32031,0.23769,1.10037,0.99875,1,0.995,0.90706,0.30008,0.1823,0.91324,0.000464168,0.000464168,0.000464168
343,914.025,0.32265,0.24256,1.08723,0.99823,1,0.995,0.90864,0.3015,0.17916,0.92112,0.000461338,0.000461338,0.000461338
344,916.592,0.33266,0.2424,1.10926,0.99833,1,0.995,0.90887,0.30174,0.17834,0.91747,0.000458509,0.000458509,0.000458509
345,919.048,0.31586,0.22964,1.10944,0.99904,1,0.995,0.90276,0.29799,0.1786,0.92275,0.00045568,0.00045568,0.00045568
346,921.75,0.31328,0.22951,1.11646,0.99897,1,0.995,0.89896,0.30248,0.1808,0.9188,0.00045285,0.00045285,0.00045285
347,924.406,0.31915,0.23381,1.11171,0.99841,1,0.995,0.89946,0.30116,0.18093,0.92207,0.000450021,0.000450021,0.000450021
348,927.008,0.31395,0.23806,1.10557,0.99828,1,0.995,0.89898,0.31564,0.18428,0.93031,0.000447191,0.000447191,0.000447191
349,929.742,0.33027,0.2431,1.13753,0.99848,1,0.995,0.90068,0.31253,0.18236,0.92286,0.000444362,0.000444362,0.000444362
350,932.593,0.29862,0.21901,1.07242,0.99865,1,0.995,0.89916,0.31591,0.18077,0.9188,0.000441532,0.000441532,0.000441532
351,935.322,0.30928,0.2328,1.08274,0.99679,1,0.995,0.91046,0.29715,0.17548,0.91779,0.000438703,0.000438703,0.000438703
352,937.934,0.30385,0.22741,1.08794,0.99845,1,0.995,0.90303,0.29753,0.17526,0.91624,0.000435874,0.000435874,0.000435874
353,940.623,0.31449,0.2312,1.11456,0.99853,1,0.995,0.90109,0.29563,0.17306,0.91309,0.000433044,0.000433044,0.000433044
354,943.363,0.30993,0.23287,1.12449,0.99872,1,0.995,0.90108,0.30016,0.17569,0.91703,0.000430215,0.000430215,0.000430215
355,945.835,0.31804,0.24031,1.11,0.99329,1,0.99495,0.89789,0.30235,0.17633,0.9294,0.000427385,0.000427385,0.000427385
356,948.334,0.31933,0.23885,1.11648,0.98906,1,0.99372,0.90059,0.3006,0.17968,0.93063,0.000424556,0.000424556,0.000424556
357,951.095,0.30234,0.22671,1.0992,0.99293,1,0.99351,0.89815,0.29988,0.17805,0.92631,0.000421726,0.000421726,0.000421726
358,953.871,0.31986,0.23048,1.11,0.99756,1,0.995,0.90525,0.29668,0.1743,0.92526,0.000418897,0.000418897,0.000418897
359,956.38,0.31564,0.23404,1.07299,0.99858,0.99982,0.995,0.90854,0.29047,0.17262,0.92167,0.000416068,0.000416068,0.000416068
360,958.972,0.31202,0.23466,1.0974,0.99879,0.99982,0.995,0.9102,0.29039,0.1722,0.92097,0.000413238,0.000413238,0.000413238
361,961.579,0.31169,0.22913,1.0998,0.99748,1,0.995,0.90425,0.30196,0.17686,0.9223,0.000410409,0.000410409,0.000410409
362,964.214,0.31548,0.23546,1.10102,0.99798,1,0.995,0.9082,0.30006,0.17762,0.92039,0.000407579,0.000407579,0.000407579
363,966.734,0.31047,0.23434,1.1187,0.99822,1,0.995,0.90734,0.30335,0.1766,0.92339,0.00040475,0.00040475,0.00040475
364,969.273,0.31169,0.23172,1.08556,0.99851,1,0.995,0.90206,0.30209,0.18223,0.92802,0.000401921,0.000401921,0.000401921
365,971.98,0.30917,0.23136,1.10298,0.9983,1,0.995,0.90588,0.29686,0.17521,0.91987,0.000399091,0.000399091,0.000399091
366,974.721,0.29826,0.22593,1.09325,0.9982,1,0.995,0.90304,0.29907,0.17738,0.91495,0.000396262,0.000396262,0.000396262
367,977.351,0.3167,0.22904,1.11255,0.99875,1,0.995,0.90738,0.29058,0.17563,0.91444,0.000393432,0.000393432,0.000393432
368,979.995,0.31314,0.2367,1.11078,0.99878,1,0.995,0.90376,0.2901,0.17643,0.91441,0.000390603,0.000390603,0.000390603
369,982.612,0.291,0.22225,1.07402,0.99869,1,0.995,0.90531,0.28983,0.17275,0.91248,0.000387773,0.000387773,0.000387773
370,985.149,0.30477,0.22993,1.0843,0.99862,1,0.995,0.90586,0.28379,0.17049,0.90927,0.000384944,0.000384944,0.000384944
371,987.677,0.29755,0.22444,1.09549,0.99874,1,0.995,0.90595,0.27846,0.17045,0.91203,0.000382115,0.000382115,0.000382115
372,990.362,0.29893,0.22681,1.07878,0.99876,1,0.995,0.90515,0.28106,0.16632,0.91118,0.000379285,0.000379285,0.000379285
373,993.011,0.30403,0.22781,1.1119,0.99881,1,0.995,0.90472,0.29446,0.17161,0.91486,0.000376456,0.000376456,0.000376456
374,995.606,0.2958,0.21916,1.07637,0.99872,1,0.995,0.91015,0.29752,0.17163,0.9204,0.000373626,0.000373626,0.000373626
375,998.213,0.30485,0.23321,1.09615,0.99821,1,0.995,0.90302,0.29553,0.17419,0.91653,0.000370797,0.000370797,0.000370797
376,1000.83,0.31639,0.23613,1.08461,0.99822,1,0.995,0.9039,0.28821,0.17419,0.91495,0.000367967,0.000367967,0.000367967
377,1003.49,0.30489,0.23152,1.11137,0.99828,1,0.995,0.90039,0.29557,0.17736,0.91672,0.000365138,0.000365138,0.000365138
378,1006.05,0.30233,0.2294,1.10313,0.99821,1,0.995,0.90103,0.29702,0.1781,0.91524,0.000362309,0.000362309,0.000362309
379,1008.73,0.31395,0.23343,1.11051,0.99881,1,0.995,0.90535,0.28987,0.17417,0.9169,0.000359479,0.000359479,0.000359479
380,1011.41,0.3005,0.22989,1.08542,0.99873,1,0.995,0.90305,0.29297,0.17757,0.91853,0.00035665,0.00035665,0.00035665
381,1013.99,0.30929,0.23212,1.10313,0.9987,1,0.995,0.90489,0.28666,0.17532,0.91419,0.00035382,0.00035382,0.00035382
382,1016.75,0.29354,0.22291,1.06917,0.9987,1,0.995,0.90564,0.28443,0.17453,0.91392,0.000350991,0.000350991,0.000350991
383,1019.35,0.30495,0.22554,1.10256,0.99848,1,0.995,0.90712,0.27949,0.1709,0.91609,0.000348162,0.000348162,0.000348162
384,1021.98,0.29032,0.22271,1.1012,0.99857,1,0.995,0.91105,0.28282,0.17053,0.91774,0.000345332,0.000345332,0.000345332
385,1024.6,0.29359,0.21959,1.08457,0.99864,1,0.995,0.90782,0.28724,0.17287,0.92179,0.000342503,0.000342503,0.000342503
386,1027.16,0.30978,0.22805,1.12747,0.99869,1,0.995,0.90433,0.30443,0.17738,0.92151,0.000339673,0.000339673,0.000339673
387,1029.83,0.299,0.22167,1.11082,0.99864,1,0.995,0.9049,0.29072,0.17202,0.91388,0.000336844,0.000336844,0.000336844
388,1032.46,0.28766,0.21808,1.07908,0.99864,1,0.995,0.90776,0.28547,0.16922,0.91696,0.000334014,0.000334014,0.000334014
389,1035.04,0.3001,0.2211,1.09818,0.99867,1,0.995,0.91118,0.28116,0.1677,0.91981,0.000331185,0.000331185,0.000331185
390,1037.68,0.30073,0.22209,1.10991,0.99884,1,0.995,0.90773,0.2759,0.16829,0.91533,0.000328356,0.000328356,0.000328356
391,1040.33,0.30192,0.22617,1.10666,0.99877,1,0.995,0.90555,0.27814,0.16978,0.90873,0.000325526,0.000325526,0.000325526
392,1042.88,0.2929,0.21666,1.09184,0.99867,1,0.995,0.90615,0.28116,0.16858,0.91221,0.000322697,0.000322697,0.000322697
393,1045.49,0.28538,0.22401,1.0797,0.99872,1,0.995,0.90437,0.27745,0.16575,0.92059,0.000319867,0.000319867,0.000319867
394,1048.35,0.2979,0.22615,1.08193,0.9988,1,0.995,0.90592,0.28582,0.16811,0.91948,0.000317038,0.000317038,0.000317038
395,1051,0.30576,0.22461,1.08709,0.99862,1,0.995,0.90377,0.29157,0.1695,0.91852,0.000314209,0.000314209,0.000314209
396,1053.63,0.30297,0.2264,1.10777,0.99874,1,0.995,0.90699,0.29357,0.17131,0.9227,0.000311379,0.000311379,0.000311379
397,1056.28,0.30597,0.22422,1.1069,0.99888,1,0.995,0.90547,0.2949,0.16781,0.91898,0.00030855,0.00030855,0.00030855
398,1058.89,0.30497,0.23373,1.12008,0.99831,1,0.995,0.90259,0.29331,0.16838,0.91926,0.00030572,0.00030572,0.00030572
399,1061.47,0.31193,0.23077,1.10713,0.99792,1,0.995,0.90529,0.28469,0.16984,0.9157,0.000302891,0.000302891,0.000302891
400,1064.11,0.29988,0.22187,1.09264,0.99721,1,0.995,0.90944,0.27644,0.1676,0.91146,0.000300061,0.000300061,0.000300061
401,1066.83,0.29279,0.22251,1.10994,0.9973,1,0.995,0.90798,0.28095,0.16932,0.91731,0.000297232,0.000297232,0.000297232
402,1069.5,0.29279,0.22165,1.10471,0.99842,1,0.995,0.90467,0.27925,0.16809,0.91603,0.000294403,0.000294403,0.000294403
403,1072.17,0.29351,0.22172,1.08569,0.99854,1,0.995,0.90208,0.27834,0.16937,0.91603,0.000291573,0.000291573,0.000291573
404,1074.96,0.29932,0.22593,1.10451,0.99867,1,0.995,0.90036,0.27756,0.16937,0.91793,0.000288744,0.000288744,0.000288744
405,1077.59,0.29349,0.2209,1.09108,0.99866,1,0.995,0.90005,0.27807,0.17138,0.91941,0.000285914,0.000285914,0.000285914
406,1080.18,0.28507,0.21499,1.09201,0.99867,1,0.995,0.89822,0.28215,0.1722,0.91977,0.000283085,0.000283085,0.000283085
407,1082.7,0.29563,0.22336,1.08389,0.99869,1,0.995,0.89943,0.28069,0.16737,0.92363,0.000280255,0.000280255,0.000280255
408,1085.64,0.29014,0.21868,1.09827,0.99863,1,0.995,0.90594,0.28119,0.16824,0.92171,0.000277426,0.000277426,0.000277426
409,1088.28,0.30662,0.22838,1.12511,0.99878,1,0.995,0.90699,0.28415,0.16575,0.92223,0.000274597,0.000274597,0.000274597
410,1090.82,0.29525,0.2195,1.08903,0.99894,1,0.995,0.90402,0.28097,0.16884,0.92379,0.000271767,0.000271767,0.000271767
411,1093.43,0.29321,0.22068,1.11778,0.99893,1,0.995,0.9058,0.27727,0.16513,0.92017,0.000268938,0.000268938,0.000268938
412,1096.13,0.29321,0.21583,1.09739,0.99824,1,0.995,0.90716,0.27858,0.16822,0.91638,0.000266108,0.000266108,0.000266108
413,1098.84,0.30563,0.22449,1.09029,0.99807,1,0.995,0.90887,0.27475,0.16386,0.91372,0.000263279,0.000263279,0.000263279
414,1101.42,0.29069,0.21763,1.11319,0.99859,1,0.995,0.913,0.27189,0.16424,0.9174,0.00026045,0.00026045,0.00026045
415,1104.08,0.27929,0.21259,1.0877,0.99822,1,0.995,0.90947,0.27634,0.16456,0.91505,0.00025762,0.00025762,0.00025762
416,1107.09,0.28564,0.21877,1.1122,0.99805,1,0.995,0.90492,0.27304,0.16244,0.915,0.000254791,0.000254791,0.000254791
417,1109.79,0.28004,0.21047,1.09482,0.99781,1,0.995,0.90279,0.27473,0.16436,0.91552,0.000251961,0.000251961,0.000251961
418,1112.29,0.29032,0.2188,1.08688,0.99853,1,0.995,0.9009,0.27278,0.16584,0.91336,0.000249132,0.000249132,0.000249132
419,1115.12,0.29599,0.22531,1.10695,0.99865,1,0.995,0.9038,0.27391,0.16553,0.91129,0.000246302,0.000246302,0.000246302
420,1117.64,0.28161,0.21823,1.10516,0.99851,1,0.995,0.90666,0.27888,0.16612,0.91108,0.000243473,0.000243473,0.000243473
421,1120.12,0.28544,0.22127,1.11495,0.99807,1,0.995,0.90202,0.27967,0.16488,0.91124,0.000240644,0.000240644,0.000240644
422,1122.77,0.27951,0.21201,1.07783,0.99827,1,0.995,0.90458,0.27383,0.16343,0.91014,0.000237814,0.000237814,0.000237814
423,1125.7,0.28947,0.22006,1.10122,0.99841,1,0.995,0.90851,0.27165,0.16612,0.91401,0.000234985,0.000234985,0.000234985
424,1128.28,0.28534,0.21976,1.08511,0.99848,1,0.995,0.91149,0.26892,0.16254,0.91247,0.000232155,0.000232155,0.000232155
425,1130.79,0.28592,0.21919,1.09355,0.99874,1,0.995,0.91093,0.27377,0.16218,0.91532,0.000229326,0.000229326,0.000229326
426,1133.44,0.28707,0.21856,1.09489,0.99883,1,0.995,0.91095,0.27142,0.16386,0.91748,0.000226497,0.000226497,0.000226497
427,1136.06,0.29737,0.22624,1.10701,0.99877,1,0.995,0.9087,0.27285,0.16193,0.91837,0.000223667,0.000223667,0.000223667
428,1138.72,0.28388,0.22217,1.1038,0.99875,1,0.995,0.9077,0.26099,0.15395,0.91065,0.000220838,0.000220838,0.000220838
429,1141.24,0.29376,0.22076,1.10676,0.99864,1,0.995,0.90687,0.25817,0.15875,0.90786,0.000218008,0.000218008,0.000218008
430,1143.86,0.28332,0.21312,1.08006,0.99862,1,0.995,0.91063,0.26443,0.16058,0.91051,0.000215179,0.000215179,0.000215179
431,1146.6,0.28824,0.21869,1.09136,0.99872,1,0.995,0.90743,0.27064,0.1599,0.9172,0.000212349,0.000212349,0.000212349
432,1149.16,0.28336,0.21688,1.09693,0.99856,1,0.995,0.90784,0.27239,0.16208,0.91728,0.00020952,0.00020952,0.00020952
433,1151.74,0.28094,0.21429,1.09306,0.99813,1,0.995,0.9044,0.27414,0.16241,0.91435,0.000206691,0.000206691,0.000206691
434,1154.33,0.28514,0.21556,1.09892,0.998,1,0.995,0.90576,0.26621,0.16141,0.90902,0.000203861,0.000203861,0.000203861
435,1157.45,0.28671,0.21075,1.09248,0.99849,1,0.995,0.90304,0.26312,0.15867,0.9093,0.000201032,0.000201032,0.000201032
436,1160.44,0.26496,0.20753,1.07046,0.99861,1,0.995,0.90522,0.25998,0.15804,0.9151,0.000198202,0.000198202,0.000198202
437,1163.55,0.28894,0.21772,1.11027,0.99854,1,0.995,0.90827,0.25931,0.15758,0.91426,0.000195373,0.000195373,0.000195373
438,1166.5,0.282,0.21355,1.10788,0.99838,1,0.995,0.90898,0.26039,0.15746,0.91158,0.000192543,0.000192543,0.000192543
439,1169.77,0.27874,0.21312,1.09901,0.99858,1,0.995,0.91041,0.26625,0.15941,0.91373,0.000189714,0.000189714,0.000189714
440,1172.92,0.28675,0.2107,1.09049,0.99852,1,0.995,0.90809,0.26191,0.16199,0.91232,0.000186885,0.000186885,0.000186885
441,1176.12,0.27527,0.20744,1.10662,0.99841,1,0.995,0.91071,0.2611,0.16208,0.91195,0.000184055,0.000184055,0.000184055
442,1179.34,0.28111,0.21233,1.08666,0.99862,1,0.995,0.90789,0.2649,0.16251,0.90971,0.000181226,0.000181226,0.000181226
443,1182.37,0.27512,0.20838,1.08736,0.99882,1,0.995,0.91109,0.26293,0.16113,0.91545,0.000178396,0.000178396,0.000178396
444,1185.56,0.27988,0.21749,1.09125,0.99894,1,0.995,0.91302,0.26263,0.16176,0.92007,0.000175567,0.000175567,0.000175567
445,1188.58,0.27652,0.21155,1.11272,0.99881,1,0.995,0.91091,0.26506,0.16056,0.91856,0.000172738,0.000172738,0.000172738
446,1191.67,0.28391,0.21558,1.10148,0.99876,1,0.995,0.91099,0.26352,0.1602,0.91596,0.000169908,0.000169908,0.000169908
447,1194.74,0.27582,0.21042,1.07551,0.99877,1,0.995,0.91141,0.26161,0.16139,0.91185,0.000167079,0.000167079,0.000167079
448,1197.9,0.26502,0.20936,1.09181,0.99876,1,0.995,0.90671,0.26493,0.16053,0.911,0.000164249,0.000164249,0.000164249
449,1201.11,0.26821,0.2062,1.06375,0.99872,1,0.995,0.90326,0.26701,0.1601,0.9096,0.00016142,0.00016142,0.00016142
450,1204.12,0.27071,0.20905,1.09042,0.99866,1,0.995,0.90518,0.26705,0.16282,0.91241,0.00015859,0.00015859,0.00015859
451,1207.51,0.28245,0.21372,1.09315,0.99872,1,0.995,0.90727,0.26727,0.16076,0.91565,0.000155761,0.000155761,0.000155761
452,1210.75,0.27199,0.21038,1.09639,0.99876,1,0.995,0.90702,0.25889,0.15773,0.91273,0.000152932,0.000152932,0.000152932
453,1213.55,0.27717,0.21538,1.09187,0.99876,1,0.995,0.91132,0.26472,0.15856,0.91442,0.000150102,0.000150102,0.000150102
454,1216.22,0.2833,0.21692,1.11007,0.99875,1,0.995,0.91189,0.26114,0.15783,0.91393,0.000147273,0.000147273,0.000147273
455,1218.87,0.26969,0.20423,1.10361,0.99876,1,0.995,0.91357,0.26177,0.15713,0.91247,0.000144443,0.000144443,0.000144443
456,1221.43,0.27283,0.20835,1.08809,0.99877,1,0.995,0.91036,0.2579,0.15589,0.91216,0.000141614,0.000141614,0.000141614
457,1223.96,0.27233,0.21212,1.09264,0.9988,1,0.995,0.91207,0.25817,0.15608,0.91376,0.000138784,0.000138784,0.000138784
458,1226.69,0.28018,0.21442,1.12081,0.99879,1,0.995,0.91118,0.26095,0.15711,0.91302,0.000135955,0.000135955,0.000135955
459,1229.29,0.27062,0.20757,1.07316,0.99881,1,0.995,0.91091,0.2568,0.15399,0.9129,0.000133126,0.000133126,0.000133126
460,1231.92,0.26617,0.20428,1.0875,0.99874,1,0.995,0.91178,0.26258,0.1555,0.91159,0.000130296,0.000130296,0.000130296
461,1234.59,0.28643,0.21567,1.11523,0.99874,1,0.995,0.91067,0.2604,0.15576,0.91063,0.000127467,0.000127467,0.000127467
462,1237.36,0.27566,0.21165,1.12698,0.99875,1,0.995,0.90878,0.25842,0.15749,0.91178,0.000124637,0.000124637,0.000124637
463,1239.87,0.27736,0.21513,1.10747,0.99876,1,0.995,0.91199,0.26151,0.15824,0.91453,0.000121808,0.000121808,0.000121808
464,1242.57,0.27586,0.21191,1.08597,0.99882,1,0.995,0.90984,0.26046,0.1562,0.91303,0.000118979,0.000118979,0.000118979
465,1245.24,0.28151,0.21803,1.10445,0.9987,1,0.995,0.9104,0.25798,0.15506,0.90988,0.000116149,0.000116149,0.000116149
466,1247.86,0.27493,0.21184,1.08932,0.99863,1,0.995,0.90955,0.25409,0.1546,0.90843,0.00011332,0.00011332,0.00011332
467,1250.52,0.26326,0.2038,1.07685,0.99858,1,0.995,0.91056,0.25475,0.15383,0.9106,0.00011049,0.00011049,0.00011049
468,1253.16,0.27659,0.2098,1.11532,0.99858,1,0.995,0.91392,0.25264,0.15449,0.9114,0.000107661,0.000107661,0.000107661
469,1255.73,0.26203,0.20131,1.09124,0.99863,1,0.995,0.91379,0.25351,0.15396,0.91363,0.000104831,0.000104831,0.000104831
470,1258.38,0.27352,0.2091,1.11942,0.99871,1,0.995,0.91411,0.25983,0.15705,0.91406,0.000102002,0.000102002,0.000102002
471,1260.95,0.26643,0.20485,1.07054,0.99872,1,0.995,0.91435,0.25767,0.15698,0.90931,9.91726e-05,9.91726e-05,9.91726e-05
472,1263.54,0.27177,0.2005,1.10969,0.99868,1,0.995,0.91344,0.25975,0.156,0.90976,9.63432e-05,9.63432e-05,9.63432e-05
473,1266.28,0.2634,0.20459,1.09373,0.99868,1,0.995,0.91185,0.25849,0.15567,0.90905,9.35138e-05,9.35138e-05,9.35138e-05
474,1268.81,0.27528,0.20496,1.09734,0.99866,1,0.995,0.91068,0.25905,0.15449,0.90923,9.06843e-05,9.06843e-05,9.06843e-05
475,1271.31,0.25969,0.20396,1.08848,0.99866,1,0.995,0.91062,0.25374,0.1534,0.90843,8.78549e-05,8.78549e-05,8.78549e-05
476,1274.04,0.26962,0.2078,1.0811,0.99874,1,0.995,0.91251,0.25109,0.15167,0.91016,8.50255e-05,8.50255e-05,8.50255e-05
477,1276.69,0.27006,0.2091,1.08649,0.99877,1,0.995,0.91291,0.25688,0.15418,0.91213,8.21961e-05,8.21961e-05,8.21961e-05
478,1279.17,0.26427,0.20429,1.0975,0.99874,1,0.995,0.91307,0.25513,0.15335,0.9107,7.93667e-05,7.93667e-05,7.93667e-05
479,1281.82,0.28139,0.21585,1.10239,0.99871,1,0.995,0.90975,0.25718,0.15516,0.90977,7.65372e-05,7.65372e-05,7.65372e-05
480,1284.83,0.27718,0.21506,1.10353,0.99871,1,0.995,0.91094,0.25918,0.15635,0.90972,7.37078e-05,7.37078e-05,7.37078e-05
481,1287.43,0.26908,0.2056,1.10558,0.99874,1,0.995,0.91127,0.25778,0.15643,0.91032,7.08784e-05,7.08784e-05,7.08784e-05
482,1290.15,0.25229,0.19672,1.06236,0.99874,1,0.995,0.91201,0.25763,0.15583,0.909,6.8049e-05,6.8049e-05,6.8049e-05
483,1292.93,0.2553,0.19927,1.06661,0.99875,1,0.995,0.91127,0.2548,0.15527,0.90801,6.52196e-05,6.52196e-05,6.52196e-05
484,1295.69,0.27427,0.21086,1.11253,0.99874,1,0.995,0.91361,0.25409,0.15193,0.90875,6.23901e-05,6.23901e-05,6.23901e-05
485,1298.31,0.27071,0.20246,1.08601,0.99877,1,0.995,0.91389,0.25144,0.15199,0.90928,5.95607e-05,5.95607e-05,5.95607e-05
486,1300.8,0.27782,0.20814,1.1469,0.99877,1,0.995,0.91415,0.25038,0.15228,0.9086,5.67313e-05,5.67313e-05,5.67313e-05
487,1303.61,0.26936,0.20492,1.1061,0.9988,1,0.995,0.9131,0.25284,0.1535,0.90815,5.39019e-05,5.39019e-05,5.39019e-05
488,1306.33,0.26391,0.20131,1.08441,0.99874,1,0.995,0.91325,0.25346,0.15262,0.90866,5.10725e-05,5.10725e-05,5.10725e-05
489,1308.9,0.26782,0.20737,1.09217,0.99866,1,0.995,0.91315,0.2535,0.15381,0.90986,4.8243e-05,4.8243e-05,4.8243e-05
490,1311.52,0.27091,0.20556,1.11344,0.99856,1,0.995,0.91216,0.25464,0.15333,0.90975,4.54136e-05,4.54136e-05,4.54136e-05
491,1329.21,0.31531,0.20976,1.04245,0.99863,1,0.995,0.91034,0.2601,0.15604,0.90984,4.25842e-05,4.25842e-05,4.25842e-05
492,1331.84,0.28846,0.19725,0.99714,0.99853,1,0.995,0.90589,0.26184,0.15802,0.91101,3.97548e-05,3.97548e-05,3.97548e-05
493,1334.4,0.29056,0.19833,1.00708,0.9984,1,0.995,0.90579,0.26288,0.16074,0.91189,3.69254e-05,3.69254e-05,3.69254e-05
494,1337.26,0.29158,0.19517,1.01708,0.99763,1,0.995,0.90636,0.26636,0.16115,0.91125,3.40959e-05,3.40959e-05,3.40959e-05
495,1340.25,0.26712,0.17702,0.98147,0.99769,1,0.995,0.90564,0.26736,0.16094,0.91064,3.12665e-05,3.12665e-05,3.12665e-05
496,1342.99,0.27619,0.18491,0.99193,0.99775,1,0.995,0.90458,0.26656,0.16053,0.91235,2.84371e-05,2.84371e-05,2.84371e-05
497,1345.53,0.27077,0.18291,1.0012,0.99777,1,0.995,0.90615,0.2646,0.1602,0.91224,2.56077e-05,2.56077e-05,2.56077e-05
498,1348.38,0.27318,0.1842,1.00179,0.99774,1,0.995,0.90725,0.26183,0.15997,0.91157,2.27783e-05,2.27783e-05,2.27783e-05
499,1350.96,0.26923,0.18316,1.00885,0.9978,1,0.995,0.90963,0.26142,0.15906,0.91031,1.99488e-05,1.99488e-05,1.99488e-05
500,1353.42,0.2667,0.17519,0.99415,0.99784,1,0.995,0.91054,0.26037,0.15789,0.90989,1.71194e-05,1.71194e-05,1.71194e-05
